"country","region","GII_2012","maternal_mortality_ratio","adolescent_fertility_rate_gii","seats_parlim_female_gii","labor_participation_female_gii","labor_participation_male_gii","ifpri_hunger_index","ifpri_under5_mortality","ifpri_undernourishment","ifpri_under5_underweight","labor_participation_female","labor_participation_total_ilo","labor_participation_total_nat","labor_participation_ratio_ilo","secondary_school_female","secondary_school_male","secondary_school_female_ratio","contraceptive_prevalence","hiv_rate_female","married_by_18_rate","adolescent_fertility_rate","labor_participation_female_ilo","labor_force_female_percent","account_at_financial_inst_female","female_legislators_officials_mgrs","mean_stunting","mean_malnutrition","secondary_education"
"Afghanistan","Asia",0.712,460,99.6,27.6,15.7,80.3,NA,10.1,NA,25,NA,37.50769219,NA,17.8296999576923,NA,NA,36.9280909090909,15.4714285714286,33.1846153846154,39.7,124.011784615385,12.0923076776385,14.7857026555923,2.61623,NA,59.25,32.85,19.9
"Albania","Europe",0.251,27,14.9,15.7,49.6,71.3,5.2,1.4,7.8,6.3,41.8333339683333,42.0153852607692,48.5999991083333,69.7208314984615,97.28178625,96.77938875,95.4225714285714,51.125,0,8.55,22.9264769230769,36.2384615678,41.4475266672,22.67261,NA,29.6833333333333,9.91666666666667,81.9
"Algeria","Africa",0.391,97,6.1,25.6,15,71.9,5,3,3.7,5.7,8.83333301566667,31.42307663,27.43333308,18.4520185646154,85.7596590909091,81.3050963636364,106.046333333333,40.1333333333333,65.2153846153846,1.8,10.0036459230769,10.1000000146692,15.3744005821692,20.4073,5.26667612703333,20.9,6.76666666666667,24.1
"Angola","Africa",NA,450,148.1,38.2,62.9,77.1,19.1,15.8,27.4,14.1,NA,53.1692302415385,NA,84.0835382123077,44.7113,25.92664,75.5824285714286,3.6,55.0461538461538,NA,192.411569230769,50.7076929532615,46.7312140863308,38.92834,NA,29.25,15.6,NA
"Argentina","Americas",0.38,77,54.2,37.7,47.3,74.9,5,1.4,4,1.8,35.2545453845455,43.8153847915385,43.2454546145455,62.3309596007692,96.7711833333333,96.79797,109.460916666667,47.8666666666667,30.0307692307692,NA,58.1943846153846,34.5923076042846,40.0495501286692,31.81856,28.6959654754571,8.15,2.3,55.95
"Armenia","Asia",0.34,30,33.2,10.7,49.4,70.2,5,1.8,3,5.3,31.93999977,42.7076917784615,38.020000456,74.0608525253846,98.4371833333333,98.6864055555556,115.115,36.3333333333333,13.4461538461538,12.0666666666667,30.7759230769231,36.7153844099769,44.5452741899538,18.14856,22.72366059245,18.8333333333333,4.03333333333333,94.45
"Azerbaijan","Asia",0.323,43,31.4,16,61.6,68.5,5,4.5,1.5,3.3,37.6,38.8846150907692,34.740000916,86.8015307746154,98.225405,98.9179458333333,98.5241428571429,35.5,11.2769230769231,12.2,38.3423546153846,40.2153842632538,48.3005989161538,14.25925,23.0855005431167,25.4,11.225,92.85
"Bangladesh","Asia",0.518,240,68.2,19.7,57.2,84.3,19.4,4.6,16.8,36.8,35.6999994933333,60.4461537884615,53.6666666666667,65.71237053,97.58819,89.533005,108.563666666667,46.148,25.8846153846154,65.84,95.1166453846154,51.2307695242077,38.5006884846385,34.89121,23.3894370284,48.8055555555556,41.2833333333333,35.05
"Belarus","Europe",NA,4,20.5,29.7,50.2,62.6,5,0.6,0.4,0.9,42.70000076,39.5384606561538,48.20000076,80.6222823746154,99.3225463636364,99.1575736363636,96.8118,45.5666666666667,28.7076923076923,4.9,23.0897538461538,35.0692305931692,48.8689604914308,58.07224,NA,4.45,1.25,NA
"Benin","Africa",0.618,350,97,8.4,67.4,78.2,13.3,10.6,8.1,21.2,60.25,57.7923079269231,56,83.9441479784615,64.886085,65.29822,49.1002857142857,12.375,54.9923076923077,35.55,106.058340769231,57.8076920142462,46.7077794831,9.807354,NA,41.95,20.85,18.4
"Bhutan","Asia",0.464,180,44.9,13.9,65.8,76.5,NA,5.4,NA,12.8,41.7000001283333,49.4230766307692,40.966667175,80.8392122207692,93.6108083333333,91.26661,94.3402,34,24.7230769230769,25.8,56.7134292307692,49.7692307692308,40.5186265595077,NA,22.69614273346,34.2,11.625,34.25
"Bosnia and Herzegovina","Europe",NA,8,13.4,19.3,35.2,58.6,5,0.8,2.8,1.6,24.6285716457143,31.98461474,32.74285698,57.0412378576923,82.75521,84.44052,NA,27.1666666666667,0,4.5,17.1998615384615,24.8692305638308,38.1058197115462,47.72136,NA,10.9166666666667,2.45,NA
"Botswana","Africa",0.485,160,43.8,7.9,71.7,81.6,13.9,2.6,27.9,11.2,35.29999924,59.6307689961538,38.25,87.75343081,97.1720357142857,97.6141028571429,105.460777777778,26.9,52.4,NA,54.3659830769231,57.2076920729462,47.1376924629308,28.36033,32.432730086725,30.225,10.9,75.55
"Brazil","Americas",0.447,56,76,9.6,59.6,80.9,5,1.6,6.9,3,53.2454546154545,63.5538462130769,62.7363641909091,70.9912355615385,NA,NA,NA,41.3,30.4307692307692,35.6,78.6491215384615,54.0615384028462,42.7605655758231,51.01785,34.0380860100143,7.05,2.925,49.5
"Bulgaria","Europe",0.219,11,36.2,20.8,48.6,60.3,5,1.2,6.9,1.6,26.1692306807692,31.8461539923077,29.9923076630769,80.2179331407692,96.1505327272727,96.1305881818182,96.4996666666667,2,19.2,NA,40.8337553846154,27.7230766003077,46.2436646182692,55.45132,32.8411870029167,8.65,1.6,92.65
"Burkina Faso","Africa",0.609,300,117.4,15.3,77.5,90.4,22.2,14.6,25.9,26.2,57.70000076,77.50769219,65.90000153,85.2291839246154,43.4377963636364,46.95978,72.0453846153846,12.35,55.6615384615385,50.4333333333333,129.484,72.9461534940231,47.8572189859154,10.81371,30.950955004,38.8625,31.225,2.05
"Burundi","Africa",0.476,800,20.9,34.9,83.7,82.1,38.8,13.9,73.4,29.1,NA,67.1461551376923,NA,101.678507907692,31.80619375,38.03612,71.7606666666667,12.675,56.2384615384615,19.1,34.4576315384615,70.0384627122308,51.3214802114,5.928003,NA,60.275,33.95,7.2
"Cambodia","Asia",0.473,250,32.9,18.1,79.2,86.7,16.8,4.3,17.1,29,74.11250066875,73.8230772746154,73.38749837875,90.7456778123077,78.8680154545455,82.1300745454545,69.1325,30.8333333333333,50.5461538461538,22.1666666666667,46.9977853846154,74.4153847327615,50.2829057776077,3.712341,15.7788732627667,43.35,31.4375,16.1
"Cameroon","Africa",0.628,690,115.1,13.9,64.2,77.4,14.5,12.7,15.7,15.1,47.20000076,47.6461533730769,49.29999924,81.6664290330769,43.8309842857143,40.7022285714286,79.4253636363636,20.15,54.2307692307692,40.6333333333333,135.670369230769,44.1076927185154,45.3940920028462,10.88144,NA,34.8333333333333,15.6333333333333,28
"Central African Republic","Africa",0.654,890,98.6,12.5,72.5,85.1,23.3,16.4,30,23.5,NA,63.1230770992308,NA,83.8706990815385,47.8061233333333,48.4240933333333,53.9976666666667,11.7333333333333,54.8846153846154,64.25,111.378108461538,57.2846157367538,46.9199962705923,3.411752,NA,44.85,24.9,18.25
"Chad","Africa",NA,1100,138.1,12.8,64.4,80.2,26.9,16.9,33.4,30.3,NA,56.5615386953846,NA,80.8628063692308,53.567358,63.466707,37.6140769230769,2.86666666666667,54.6923076923077,69.8,186.007923076923,56.3692304171,45.1352369045846,6.769446,NA,42.05,31.65,NA
"Chile","Americas",0.36,25,56,13.9,47.1,74.2,5,0.9,3.7,0.5,25.8538460369231,33.6230768053846,33.6307689961538,54.62719859,96.3698383333333,91.2945383333333,102.286583333333,40.0333333333333,12,NA,59.2027846153846,25.7538458017231,36.1161301198615,40.97443,32.7227988294,2,0.55,74
"China","Asia",0.213,37,9.1,21.3,67.7,80.1,5.5,1.5,11.5,3.4,NA,59.7307689369231,NA,83.2812203923077,NA,NA,100.478222222222,77.675,26.8153846153846,NA,8.00016923076923,58.1615389310385,44.1452628785308,60.00867,16.7524547475,14.4583333333333,5.3,62.6
"Colombia","Americas",0.459,92,68.1,13.6,55.8,79.7,5.9,1.8,12.6,3.4,35.5285712657143,49.5846152676923,42.8222223911111,66.0437446146154,96.3280466666667,96.3432855555556,110.171909090909,53.1,28.2384615384615,22.5,81.01657,41.0923080444231,41.2139826440692,25.35456,NA,15.65,4.48333333333333,43.1
"Comoros","Africa",NA,280,51.1,3,35.1,80.4,33.6,7.9,70,22.8,NA,39.8076920130769,NA,41.2147113584615,60.167495,64.310995,84.2024,10.2,28.4923076923077,NA,58.7027530769231,24.4846157660846,29.2777755335,17.89296,NA,46.9,24.95,NA
"Costa Rica","Americas",0.346,40,61.9,38.6,46.4,78.9,5,1,6.5,1.1,35.98181846,49.7923076330769,48.8272729345455,54.2991953915385,89.354005,93.71628875,106.410166666667,71.22,43.2,NA,69.1925230769231,36.6769227247769,34.5791333998769,40.66185,28.7991282690091,5.7,1.2,53.6
"Djibouti","Africa",NA,200,19.5,13.8,36,67.2,19.5,9,19.8,29.8,NA,44.5615384023077,NA,50.8615965376923,61.3049314285714,66.2095471428571,70.2816666666667,12.325,52.7538461538462,5.4,23.2359384615385,40.5769227834769,33.6857829065538,8.762782,NA,30.8333333333333,28.2,NA
"Dominican Republic","Americas",0.508,150,103.6,19.1,51,78.6,7,2.5,15.4,3.1,40.09999943,52.01538438,50.6999998075,61.7330445669231,92.4064,86.21560375,116.9598,51.75,48.4384615384615,40.475,107.008,40.6000002347308,38.3219875886462,37.37682,32.5805941346,9.88333333333333,3.71666666666667,42.5
"Ecuador","Americas",0.442,110,80.6,32.3,54.3,82.7,8.5,2.3,18.3,5,42.82857132,55.0538459192308,53.0285715385714,64.7054356769231,76.9291866666667,81.6192955555556,101.267818181818,37.35,19.9384615384615,22.2,82.5220146153846,44.1692308279077,39.5864083021,33.15992,29.23790955945,28.9,6.25,36.6
"El Salvador","Americas",0.441,81,76.2,26.2,47.4,78.6,6.8,1.5,12.3,6.6,32.6250004775,47.8538460338462,47.22500038,58.2018920676923,92.710966,92.363146,101.645307692308,47.2666666666667,35.3153846153846,26.4,85.6043676923077,32.4692307985769,40.5630676771308,10.13223,29.8183508804545,22.55,6.35,37.8
"Eritrea","Africa",NA,240,53.7,22,79.8,90,35,6.8,65.4,32.8,NA,77.5923092184615,NA,87.0109119284615,79.8530227272727,85.1059781818182,69.7142307692308,4.5,56.1692307692308,47,80.7159076923077,74.2923079270615,47.7521505471923,NA,NA,43.6,34.45,NA
"Ethiopia","Africa",NA,350,48.3,25.5,78.4,89.8,25.7,7.7,40.2,29.2,76.09999847,78.3615382261538,78.90000153,85.3383344053846,87.1814955555556,87.1020577777778,61.6335,15.1,58.8846153846154,46.4333333333333,93.7409076923077,75.0461531418923,46.5052845421385,NA,19.6547302374,50.7666666666667,35.25,NA
"Fiji","Oceania",NA,26,42.8,NA,39.3,79.5,5,1.6,3.8,5.8,31.39999962,41.8461538453846,41.20000076,51.6181530515385,98.4916283333333,98.9401916666667,108.3632,27.7175,16.7,NA,43.4486769230769,31.3692308572692,33.4505081696846,NA,25.4650236309,7.45,5.3,57.8
"Gabon","Africa",0.492,230,81,16.7,56.3,65,7.2,6.6,6.5,8.6,NA,26.2692307692308,NA,84.7043007046154,NA,NA,NA,15.55,64.4769230769231,27.75,117.441830769231,24.0999997945846,46.2416358026308,17.17236,NA,21.875,7.6,44.25
"Georgia","Asia",0.438,67,39.5,6.6,55.8,74.2,9.3,2.1,24.7,1.1,26.1444445711111,32.8692312984615,35.8769231938462,75.4102285861538,97.9320325,99.03159875,98.0325,33.5666666666667,26.0461538461538,15.6,49.5653084615385,24.9692306518692,46.9056047515231,34.92281,27.075414866025,12.95,1.7,91.2
"Ghana","Africa",0.565,350,62.4,8.3,66.9,71.8,8.2,7.8,3.4,13.4,47,42.9923075153846,46.39999962,94.4388350684615,90.84667,89.1960990909091,86.203,20.72,53.8230769230769,23.8,69.5753861538462,43.1461533766615,49.4238784562615,27.0883,NA,30.7333333333333,15.65,53.75
"Guatemala","Americas",0.539,120,102.4,13.3,49,88.3,15.5,3,30.4,13,36.400000575,58.7000001769231,54.77499962,52.3386749376923,90.9487822222222,94.0292244444444,90.9131818181818,33.1333333333333,36.2846153846154,32.65,108.3132,39.0999996478769,36.6228720044308,15.58662,NA,51.15,15.375,15
"Guinea","Africa",NA,610,133.7,NA,65.4,78.3,16.9,12.6,17.3,20.8,72.90000153,53.8153847923077,78.30000305,82.0311433630769,51.92198,60.436665,49.140125,5.8,56.6384615384615,63.1,153.047615384615,50.7846154433077,45.3916924974077,2.934914,NA,38.3666666666667,19.85,NA
"Guinea-Bissau","Africa",NA,790,96.2,10,68,78.2,14.3,16.1,8.7,18.1,NA,54.5615381092308,NA,84.6332933584615,NA,NA,54.534,8.16666666666667,54.0461538461538,23.05,120.177538461538,52.3769226074231,46.4313688524846,NA,NA,37.2,18.65,NA
"Guyana","Americas",0.49,280,53.9,31.3,41.8,79.1,6.6,3.6,5.1,11.1,31.60000038,47.8384613623077,48.90000153,49.3569702653846,93.4932733333333,93.89165,108.251125,28.075,47.7153846153846,21.4,93.2685115384615,30.5461535820615,33.5344780363308,NA,25.4372500821,17.1333333333333,11.1833333333333,55.15
"Haiti","Americas",0.592,350,41.3,4,60.1,70.6,23.3,7,44.5,18.4,31.700000765,35.6384617723077,35,84.2055934461538,NA,NA,NA,22.5,54.2923076923077,23.8333333333333,48.1538923076923,32.4076921022769,47.1296977235769,21.07225,NA,29.075,16.425,29.4
"Honduras","Americas",0.483,100,85.9,19.5,42.3,82.8,7.9,2.1,9.6,12.1,31.1571429114286,51.1692305346154,51.08571516,48.7613134661538,76.72466,71.8440166666667,123.659666666667,50.55,39.5923076923077,36.2,95.16583,31.3999999119769,33.3402770434077,14.92036,NA,32.15,10.55,19.75
"India","Asia",0.61,200,74.7,10.9,29,80.7,21.3,6.1,17.5,40.2,24.259999848,43.2461541976923,41.18000107,40.0959199030769,86.310042,87.789092,82.9405,41.525,35.0692307692308,47.4,55.5618153846154,24.2076922196462,27.4081836279615,26.4905,14.3088465036333,47.95,43.5,38.5
"Indonesia","Asia",0.494,220,42.3,18.2,51.2,84.2,10.1,3.2,8.6,18.6,43.3333339716667,52.9153847323077,52.20000013,59.5458544207692,88.327007,85.929654,99.6628181818182,53.683,32.9846153846154,21.0666666666667,50.4287538461538,42.5923077509923,37.5392344625154,19.20753,20.9106737933,38.36,21.9375,41.5
"Iraq","Asia",0.557,63,85.9,25.2,14.5,69.3,NA,3.8,NA,8.5,NA,29.4769226969231,NA,19.8143823107692,NA,NA,67.4378,34.1,0,20.65,69.9903238461538,8.11538490885385,16.5214120966385,7.547668,NA,27.85,10.025,32.35
"Jamaica","Americas",0.458,110,69.7,15.5,56,71.8,5,1.8,8.7,3.2,32.6624994275,41.9461540807692,37.72500085875,76.5219238,90.3248483333333,90.1152483333333,103.707333333333,53.1,33.8769230769231,8.6,79.1366638461539,36.1230765122692,44.6116626394846,67.12254,NA,5.41875,3.025,72.55
"Jordan","Asia",0.482,63,23.7,11.1,15.6,65.9,5,2.1,3.7,1.9,9.375,27.4307694061538,27.099999905,20.2465576676923,97.4903314285714,97.4145671428572,103.2452,47.08,0,10.3,30.5199223076923,9.98461539929231,15.9845306375,17.3577,NA,10.15,2.725,73.3
"Kazakhstan","Asia",0.312,51,25.5,18.2,66.6,77.2,5,2.8,0.5,3.7,46.19999981,48.7307695246154,49.5249996175,86.4134269015385,99.6076938461539,99.6998776923077,98.0558461538462,34.5666666666667,32.2461538461538,6.7,29.5011230769231,45.6461539635231,49.3546710954077,43.73284,35.6955591219,15.25,4.25,99.35
"Kenya","Africa",0.608,360,98.1,9.8,61.5,71.8,18,7.3,30.4,16.4,35.20000076,40.8769231953846,38.40000153,85.9045422007692,NA,NA,93.8312,28.9333333333333,53.1307692307692,25.5,100.295694615385,37.1692311213615,46.6202693886462,39.17881,NA,37.3166666666667,16.7666666666667,38.8
"Kuwait","Asia",0.274,14,14.4,6.3,43.4,82.3,5,1.1,1.6,1.7,24.39999962,35.4076922492308,37.6666666666667,53.4672996246154,98.33617,96.812597,100.55725,3,0,NA,16.9856461538462,24.9923076629615,24.3863481798769,79.60854,13.8639616443,4.24583333333333,2.3125,50.15
"Lebanon","Asia",0.433,25,15.4,3.1,22.6,70.8,5,0.9,3.1,2.8,18.15000057,29.5538462123077,30.75,29.4738030984615,89.5846608333333,83.9360516666667,103.680461538462,42.675,27.2615384615385,6.1,15.4150153846154,17.7461536114,22.1495590443462,25.89981,9.80007874345,16.5,4.1,54.2
"Lesotho","Africa",0.534,620,60.8,26.1,58.9,73.4,12.9,8.6,16.6,13.5,NA,51.2692307692308,NA,81.6867288553846,68.41301,68.6750666666667,135.379384615385,32.98,54.7846153846154,20.9,89.9147976923077,44,47.1878340686769,16.86643,NA,45.75,15.05,20.85
"Liberia","Africa",0.658,770,123,11.7,57.9,64.4,17.9,7.8,31.4,14.4,34.70000076,35.0999999392308,34.90000153,92.0677945546154,74.08769,80.67959,77.3535,5.7,54.9307692307692,37.9,138.619276923077,34.7153842632615,48.2612229008308,14.68394,NA,42.25,21.475,27.45
"Libya","Africa",0.216,58,2.6,16.5,30.1,76.8,5,1.6,1.8,5.7,NA,36.9461537876923,NA,38.9428237007692,NA,NA,112.458,1,0,NA,3.26153846153846,23.7461540515692,26.9860269525769,NA,NA,20.9,5.55,49.8
"Madagascar","Africa",NA,240,122.7,15.9,83.4,88.7,25.2,6.2,33.4,36,70.20000076,76.33846107,70.45000076,94.8468189546154,56.5313433333333,58.1173608333333,94.8753333333333,23.3333333333333,44.1461538461538,43.5,137.7422,75.7307686438846,49.1565498228154,4.611975,22.1034276668,51,36.85,NA
"Malawi","Africa",0.573,460,105.6,22.3,84.8,81.3,15.1,8.3,23.1,13.8,81.80000305,62.8846156792308,80.30000305,98.7817681115385,73.312165,76.142656,83.8186666666667,30.4,54.1,48.9,154.861292307692,65.7846154433,50.2536116828692,16.88244,NA,51.46,16.31,15.4
"Malaysia","Asia",0.256,29,9.8,13.2,43.8,76.9,5.5,0.7,3,12.7,35.5,43.5153849646154,43.9666671733333,57.4152651653846,98.7829885714286,100,103.188,25,11.6230769230769,NA,11.3428461538462,35.7538460951615,37.0788056853462,63.09647,23.69303219141,17.2,12.95,69.4
"Mali","Africa",0.649,540,168.9,10.2,36.8,70,14.8,17.6,7.9,18.9,46.80000019,47.9846156184615,52.850000385,57.0734663215385,58.552382,64.503026,64.8448181818182,6.775,55.4307692307692,63.6666666666667,181.466984615385,37.6538463005846,36.7821085894308,6.909979,NA,40.575,28.95,10.25
"Mauritania","Africa",0.643,510,71.3,19.2,28.7,79.2,13.2,11.2,9.3,19,NA,39.06153899,NA,33.1691289438462,42.49758375,48.45951,83.0429166666667,6.1,54.5846153846154,35.6333333333333,84.5329092307692,20.6923075455923,25.0148059000385,12.08743,NA,28.3,22.25,14.4
"Mexico","Americas",0.382,50,65.5,36,44.3,80.5,5,1.6,2.1,2.8,33.7538458015385,48.6076924269231,47.7999998238462,51.3919951823077,92.7107927272727,94.3693227272727,103.7405,61.3333333333333,21.0307692307692,22.8,70.1798769230769,34.0615384028462,36.5174328382462,21.96588,26.4804771404667,14.55,3.125,54.1
"Mongolia","Asia",0.328,63,18.7,12.7,54.3,65.5,10.8,3.1,24.2,5,34.739999771,38.5769230769231,38.549999618,83.9275750992308,98.707592,96.994407,112.318,49.42,47.1769230769231,5.86666666666667,20.3813230769231,33.7230771871769,46.2007202614615,82.365,44.88292975164,26.7833333333333,7.21666666666667,82.4
"Montenegro","Europe",NA,8,14.8,12.3,NA,NA,5,0.7,2.8,1.5,25,31.5769229292308,29.1999999442857,72.7323871569231,NA,NA,102.9224,19.7,0,4.8,18.7964307692308,26.6230769524231,43.4455773327692,48.92861,27.0859692960625,7.95,2.2,98.15
"Morocco","Africa",0.444,100,10.8,11,26.2,74.7,5,3.3,5.5,3.1,21.7153845569231,40.1923076923077,40.0538459176923,34.4388795492308,80.2920908333333,81.0842141666667,84.5683076923077,44.4666666666667,40.6076923076923,15.9,34.36103,21.9000000586923,26.7456850666308,26.68675,11.98718331028,19.025,6.475,28.2
"Mozambique","Africa",0.582,490,124.4,39.2,86,82.9,21.5,10.3,39.2,14.9,75.80000305,67.7923067538461,68.40000153,104.700200561538,53.37727,49.727169,73.6513333333333,11.325,54.9461538461538,53.025,161.708015384615,73.9692300649692,53.9849065214385,35.47271,NA,44.65,18.3666666666667,3.75
"Myanmar","Asia",0.437,200,12,4.6,75,82.1,NA,6.2,NA,22.6,NA,57.6307689961538,NA,91.6473821253846,70.1899188888889,73.5672144444444,97.7512,32.06,26.7461538461538,NA,16.6489692307692,57.4461537874692,49.6917796443923,NA,NA,38.8166666666667,27.4333333333333,17.8
"Namibia","Africa",0.455,200,54.4,25,58.6,69.9,18.4,4.2,33.9,17.2,34.999999998,34.8999999115385,42.500001144,82.1242163738462,80.458132,76.892826,112.664875,28.05,54.2923076923077,9.2,73.1236938461538,32.5769232236385,47.1637892111769,NA,34.83099852285,29.5,18.9,33.5
"Nepal","Asia",0.485,170,86.2,33.2,80.4,87.6,17.3,4.8,18,29.1,94.19999695,77.6230768053846,90.59999847,90.73263329,77.71247,79.2004066666667,85.5362307692308,35.46,29.2769230769231,49.4,97.9911853846154,76.7846145629769,49.6298516502,21.21961,13.8356770988,48.95,36.95,28.9
"Nicaragua","Americas",0.461,95,104.9,40.2,46.7,80,9.5,2.6,20.1,5.8,31.55000019,47.6923079869231,48.85000038,53.9571519723077,NA,NA,114.106777777778,47.6666666666667,28.2,41.5,113.132446153846,30.4923075162385,36.0668196228308,12.81508,40.01156175275,22.3333333333333,5.93333333333333,37.75
"Niger","Africa",0.707,590,193.6,13.3,39.9,89.9,20.3,12.5,12.6,35.7,34.550001145,55.8153842046154,54.800001145,43.8451861707692,46.8136041666667,49.9416983333333,61.9824615384615,11.275,50.0230769230769,74.5,211.280138461538,34.6923073988692,31.0453152450231,1.451922,NA,54.375,41.675,5.05
"Nigeria","Africa",NA,630,111.3,6.7,47.9,63.3,15,12.4,8.5,24.2,34.29999924,36.7923076338462,36.5,74.4133748730769,NA,NA,83.3901,12.48,53.7846153846154,40.5666666666667,125.579923076923,33.7076925131,42.1562866464154,25.9904,NA,40.6625,26,NA
"Oman","Asia",0.34,32,9.3,9.6,28.3,81.6,NA,0.9,NA,8.6,19.450000285,37.5384612446154,32.64999962,33.0873502846154,97.6001625,96.7167025,96.8879090909091,12.7,22.3923076923077,NA,16.8139384615385,23.1000000880308,18.2058970401308,63.52985,9.3169798722,9.9,8.6,52.15
"Pakistan","Asia",0.567,260,28.1,21.1,22.7,83.3,19.3,7.2,19.9,30.9,15.8166666033333,44.4000000592308,43.33333397,24.0558189976923,73.8887855555556,72.6396188888889,76.8759,25.4714285714286,25.1076923076923,24,34.6140307692308,17.5307692747846,18.5442223086692,2.953578,2.7049437609375,42.2,31.1,30.7
"Panama","Americas",0.503,92,75.9,8.5,49.6,82.5,5.4,2,10.2,3.9,33.5833334933333,49.4230769223077,48.0083328891667,58.2338578523077,87.512987,86.980147,107.588083333333,26.1,28.8769230769231,NA,85.9164615384615,34.5076921903308,36.4659283943077,23.3099,43.3079729985091,19.2,4,62.1
"Papua New Guinea","Oceania",0.617,230,62,2.7,70.6,74.1,NA,5.8,NA,14.5,60.79999924,59.2846154438462,59.20000076,95.7465483392308,NA,NA,NA,16.7,52.6769230769231,21.3,67.56886,60.4384613037077,48.3899328958846,NA,NA,43.5,17.8,10.45
"Peru","Americas",0.387,67,48.7,21.5,67.8,84.7,5.5,1.8,11.2,3.4,50.4428569242857,57.6846152092308,56.2428567042857,75.7315341215385,91.5898528571429,94.4533342857143,96.6338461538462,64.3375,29.3230769230769,18.6714285714286,56.8180453846154,51.6692308279154,43.2614696775462,17.56129,26.2318917734,29.75,5.01666666666667,53.2
"Philippines","Asia",0.418,99,46.5,22.1,49.7,79.4,13.2,2.5,17,20.2,36.890000154,47.70769266,47.790000153,62.1399890984615,96.45029875,97.58573875,110.543111111111,44.7,27.4461538461538,14.1,52.0968461538462,36.9769228421692,38.6204086766692,33.71373,57.4056810940875,33.1833333333333,20.5833333333333,64.8
"Romania","Europe",0.327,27,28.8,9.7,48.6,64.9,5,1.3,0.4,2,28.7538462407692,33.9076923961538,33.4692307984615,77.1976495146154,97.795921,97.898507,100.49525,36.15,28.1692307692308,NA,30.8706461538462,28.9230767763692,45.2441509042538,41.06061,30.210202323625,13.15,3.61666666666667,86.95
"Rwanda","Africa",0.414,340,35.5,51.9,86.4,85.4,15.3,5.4,28.9,11.7,76.30000305,73.7769235476923,74.80000305,101.766333861538,77.56502,77.82467,91.8268461538461,26.85,54.7153846153846,13.6333333333333,41.8724769230769,75.2923079270615,52.4913520322,28.24671,NA,48.1,16.6833333333333,7.7
"Saudi Arabia","Asia",0.682,24,22.1,0.1,17.7,74.1,5,0.9,2.6,9.3,7.399999891,18.4692307984615,17.7285716185714,23.1518559546154,98.143705,92.66199,91.8308333333333,12.9,0,NA,15.4980153846154,7.63076925276923,14.3497596954846,15.23301,7.66480520085,9.3,5.3,54.1
"Senegal","Africa",0.54,370,89.7,41.6,66.1,88.4,13.8,6.5,20.5,14.4,NA,66.8307694669231,NA,73.8782876069231,55.6657891666667,59.83813,75.2932222222222,9.3,61.3,35.95,99.9295823076923,53.5000002934462,44.5501431606308,5.450442,NA,23.775,17.1125,7.8
"Serbia","Europe",NA,12,19.2,32.4,NA,NA,5,0.7,4.9,1.6,28.3666667933333,34.0923071638462,31.27142879,71.6592936738462,99.0606116666667,98.885095,102.616615384615,34,21.5615384615385,5.4,20.4874153846154,27.7384615678,43.2161865353615,62.31583,30.8027768429286,7.325,1.675,85.4
"Sierra Leone","Africa",0.643,890,104.2,12.9,66.3,69.1,22.8,18.5,28.8,21.1,46.699998855,43.2076923669231,40.70000076,98.3550353261539,69.908975,65.506485,70.567,6.375,55.2538461538462,49.0666666666667,117.933076923077,47.9769231356,50.3094371347769,12.80254,NA,41.9125,23.8625,14.95
"Somalia","Africa",NA,1000,68,13.8,37.7,76.8,NA,18,NA,NA,NA,45.6692308284615,NA,48.0012617661538,NA,NA,46.047,7.8,46.9230769230769,45.3,123.168969230769,32.1000000880231,33.1602538771,27.29579,NA,42,32.75,NA
"South Africa","Africa",0.462,300,50.4,41.1,44,60.8,5.4,4.7,2.9,8.7,26.98461518,29.48461518,29.2538459484615,74.8976562746154,94.1491366666667,91.8921233333333,105.675363636364,40.6,54.6153846153846,5.6,62.1472138461538,26.8769233410077,44.7214788677461,51.02337,31.10566609435,32.85,11.6,70.55
"Sri Lanka","Asia",0.402,35,22.1,5.8,34.7,76.3,15.6,1.2,24,21.6,28.8999999654545,42.2846154430769,39.8090910490909,47.2190705576923,98.03888,96.88239375,103.9,34.7,32.0076923076923,11.8,23.1711076923077,30.3538463299077,32.9826155611,67.23842,21.7929539467857,18.3333333333333,21.8666666666667,74.05
"Sudan","Africa",0.604,730,53,24.1,30.9,76.5,27,9.4,39.4,32.2,26.29999924,35.4076922469231,35.59999847,40.0117937153846,91.1053475,87.00007125,NA,6.53333333333333,47.2230769230769,33.45,105.718663076923,26.8153842045846,28.7347915571692,4.354855,NA,42.95,32.725,15.5
"Suriname","Americas",0.467,130,34.9,11.8,40.5,68.7,6.7,3,11.4,5.8,NA,28.2384615676923,NA,56.6928332646154,53.8516366666667,42.41705,129.140875,31.4,47.6923076923077,18.95,40.9838615384615,15.9999999266385,36.1867480731769,NA,NA,11.3,8.21666666666667,43.8
"Swaziland","Africa",0.525,320,67.9,21.9,43.6,70.8,14.4,10.4,27,5.8,NA,44.6230765115385,NA,60.7155274592308,86.3873842857143,85.98529,99.817,38.975,54.1769230769231,5.75,90.1614315384615,37.4461540809231,39.8511840671,27.41395,NA,32.3833333333333,7.01666666666667,48
"Syrian Arab Republic","Asia",0.551,70,36.5,12,13.1,71.6,5,1.5,3.2,10.1,16.0444444022222,35.6076919853846,37.82222218,21.2311009469231,91.7526858333333,90.8267491666667,96.6539230769231,39.95,0,13.3,47.8674923076923,13.9923078096846,16.9480535799385,19.588,9.23317221223333,29.0333333333333,10.35,32.8
"Tajikistan","Asia",0.338,65,25.7,17.5,57.4,75.1,16.3,6.3,31.7,11,43.799999235,47.3384616561538,48.700000765,77.0510074684615,97.5662875,99.28738,84.8776666666667,25.9,30.0076923076923,12.7,43.2559546153846,38.8461541396077,43.7625499766231,2.135162,NA,36.1,14.9,89.5
"Thailand","Asia",0.36,48,37,15.7,63.8,80,5.8,1.2,7.3,9,42.6000000641667,50.1076924246154,50.0166667308333,80.3712166938462,88.77077,84.86864,105.298454545455,61.14,37.0615384615385,19.6,41.3730769230769,43.0000000000154,46.0952232637,72.63754,26.4665623739364,15.75,7,32.3
"Timor-Leste","Asia",NA,300,52.3,38.5,38.4,74.1,29.6,5.4,38.2,45.3,28.26666673,27.1769230192308,33.73333359,49.0497772969231,88.6083733333333,86.3649733333333,98.6698333333333,12.62,0,18.9,64.4016161538461,20.8923077950077,32.1234083307615,NA,10.3015397884,55.75,44.7666666666667,NA
"Togo","Africa",0.566,300,54.3,11.1,80.4,81.4,14.7,11,16.5,16.6,68.5,66.1230773915385,65.69999695,98.2275839684615,62.5757681818182,69.4217536363636,49.842375,11,54.6307692307692,24.75,90.8924,67.6769227247923,51.1412567881538,9.217669,NA,28.1,19.7166666666667,30.2
"Trinidad and Tobago","Americas",0.311,46,31.6,27.4,54.9,78.3,5,2.8,9.3,2.6,43.124999045,51.4615384615385,51.8249998075,67.4218391015385,93.1705483333333,90.9541666666667,107.122,21.25,48.7384615384615,8.1,37.7327984615385,43.1615386376077,40.9619082956308,69.85585,40.1053021951667,5.25,4.35,59.3
"Tunisia","Africa",0.261,56,4.4,26.7,25.5,70,5,1.6,0.9,2.3,NA,33.1000002346154,32,34.93322876,88.0568155555556,83.7364533333333,106.7219,46.575,44.9769230769231,1.6,5.85370761538462,21.8461536994462,26.3538858264769,25.22964,NA,8.95,3.3,37.15
"Turkey","Asia",0.366,20,30.5,14.2,28.1,71.4,5,1.5,0.9,1.7,26.1999997369231,40.3384616553846,39.0076924838462,36.8087486353846,95.1136914285714,97.5975085714286,81.81675,54.75,28.7230769230769,14,39.8313230769231,26.1769231649385,28.1011027180769,32.67998,8.1268484824,15.65,3.5,34.55
"Uganda","Africa",0.517,310,126.4,35,76,79.5,19.2,9,34.6,14.1,NA,61.9307699946154,NA,96.5434519076923,48.3225745454545,48.3658572727273,80.7139,19.44,53.3307692307692,46.6333333333333,154.105061538462,62.3538463299077,49.3022971973154,15.06352,33.3333321816,39.05,16.5,23.45
"Ukraine","Europe",0.338,32,26.1,8,53.3,66.6,5,1,0.9,1.2,36.159999846,40.7923079284615,40.340000151,80.0665714538462,99.5261822222222,99.4331277777778,98.477,44.4333333333333,36.2,8.15,29.7241692307692,36.4461532005846,49.1137820292615,39.20775,38.8771787164111,22.85,4.15,93.8
"Uruguay","Americas",0.367,29,59,12.3,55.6,76.5,5,1,5,4.5,43.0666669216667,55.4615387561538,50.69999949,70.7412423653846,87.128863,74.943651,112.759272727273,52,18.6230769230769,NA,61.5554,46.9923078096923,43.9248357515615,23.82965,37.8461257166857,13.85,5.25,49.7
"Uzbekistan","Asia",NA,28,12.8,19.2,47.7,74.7,5.3,4.9,6.1,5,NA,43.6000002346154,NA,64.9174298738461,99.0847336363636,99.7867181818182,97.4054166666667,44.5333333333333,22.8076923076923,10.05,46.9525538461538,32.7615382854769,40.1176965544692,21.29315,NA,22.425,5.725,NA
"Zambia","Africa",0.623,440,138.5,11.5,73.2,85.6,24.1,8.3,47.4,16.7,36.20000076,68.2076926584615,54.25,85.90134094,60.8328833333333,57.7137077777778,87.467,26,47.6230769230769,41.85,142.359076923077,65.5153849675154,46.4411297715308,23.33739,NA,49.175,19.15,34.95
"Zimbabwe","Africa",0.544,570,53.4,17.9,83,89.5,16.5,6.7,32.8,10.1,51.90000153,76.2923079261539,55.70000076,91.0025854376923,NA,NA,88.79225,46.4,54.4923076923077,31.4,74.1982138461538,73.1153843219385,48.7215224590846,37.12441,NA,34.1,12.05,55.4
